Workbook

Sheet 💻 Ноутбуки
A1: 📦 ІНВЕНТАРИЗАЦІЯ ЗАПАСНИХ ЧАСТИН — НОУТБУКИ
A2: =TEXT(TODAY(),"DD.MM.YYYY") -> 12.05.YYYY
A3: № | B3: Марка / Модель | C3: Модель | D3: Корпус | E3: Екран | F3: Клавіатура | G3: Материнська плата | H3: Стан | I3: Ціна запчастин (Zł) | J3: Примітки
A4: 1 | B4: HP | C4: Elite X2 | D4: ✅ Хорошее | E4: ✅ Хорошее | F4: ✅ Хорошее | G4: ✅ Хорошее | H4: ✅ Хорошее | I4: 1200 | J4: Сенсорний екран
A5: 2 | B5: Apple MacBook | C5: Air 2013 | D5: ✅ Хорошее | E5: ✅ Хорошее | F5: ❌ Плохое | G5: ✅ Хорошее | H5: ⚠️ Среднее | I5: 250 | J5: Клава та Linux
A6: 3 | B6: Lenovo | C6: Yoga 2 13 C80412318 | D6: ⚠️ Среднее | E6: ? | F6: ✅ Хорошее | G6: ✅ Хорошее | H6: 🔧 На ремонт | I6: 750 | J6: Немає зображення
A7: 4 | B7: Airis | C7: N10040 | D7: ✅ Хорошее | E7: ✅ Хорошее | F7: ✅ Хорошее | G7: ✅ Хорошее | H7: 🔧 На ремонт | I7: 50
A8: 5 | B8: Lenovo | C8: MIIX 300-10IBY | D8: ✅ Хорошее | E8: ✅ Хорошее | F8: ⚠️ Среднее | G8: ❌ Плохое | H8: 🔧 На ремонт | I8: 150 | J8: Не включается
A9: 6 | B9: ОК. | C9: DVD | D9: ✅ Хорошее | E9: ✅ Хорошее | F9: ❌ Нет | G9: ✅ Хорошее | H9: ⚠️ Среднее | I9: 20 | J9: Рабочий, нужен блок
A10: 7 | B10: Asus | C10: Eee PC 1215B | D10: ⚠️ Среднее | E10: ✅ Хорошее | F10: ⚠️ Среднее | G10: ✅ Хорошее | H10: ⚠️ Среднее | I10: 100 | J10: На проверку
A11: 8 | B11: Asus | C11: Eee PC T101MT | D11: ⚠️ Среднее | E11: ✅ Хорошее | F11: ⚠️ Среднее | G11: ✅ Хорошее | H11: ⚠️ Среднее | I11: 100 | J11: На проверку
A12: 9 | D12: ✅ Хорошее | E12: ✅ Хорошее | F12: ✅ Хорошее | G12: ✅ Хорошее | H12: ✅ Хорошее | I12: 0
A13: 10 | D13: ❌ Плохое | E13: ⚠️ Среднее | F13: ❌ Плохое | G13: ✅ Хорошее | H13: ✅ Хорошее | I13: 0
A14: 11 | D14: ✅ Хорошее | E14: ✅ Хорошее | F14: ✅ Хорошее | G14: ✅ Хорошее | H14: ✅ Хорошее | I14: 0
A15: 12 | D15: ❌ Плохое | E15: ⚠️ Среднее | F15: ❌ Плохое | G15: ✅ Хорошее | H15: ✅ Хорошее | I15: 0
A16: 13 | D16: ✅ Хорошее | E16: ✅ Хорошее | F16: ✅ Хорошее | G16: ✅ Хорошее | H16: ✅ Хорошее | I16: 0
A17: 14 | D17: ✅ Хорошее | E17: ✅ Хорошее | F17: ✅ Хорошее | G17: ✅ Хорошее | H17: ✅ Хорошее | I17: 0
A18: 15 | D18: ❌ Плохое | E18: ⚠️ Среднее | F18: ❌ Плохое | G18: ✅ Хорошее | H18: ✅ Хорошее | I18: 0
A19: 16 | D19: ✅ Хорошее | E19: ✅ Хорошее | F19: ✅ Хорошее | G19: ✅ Хорошее | H19: ✅ Хорошее | I19: 0
A20: 17 | D20: ❌ Плохое | E20: ⚠️ Среднее | F20: ❌ Плохое | G20: ✅ Хорошее | H20: ✅ Хорошее | I20: 0
A21: 18 | D21: ✅ Хорошее | E21: ✅ Хорошее | F21: ✅ Хорошее | G21: ✅ Хорошее | H21: ✅ Хорошее | I21: 0
A22: 19 | D22: ✅ Хорошее | E22: ✅ Хорошее | F22: ✅ Хорошее | G22: ✅ Хорошее | H22: ✅ Хорошее | I22: 0
A23: 20 | D23: ❌ Плохое | E23: ⚠️ Среднее | F23: ❌ Плохое | G23: ✅ Хорошее | H23: ✅ Хорошее | I23: 0
... A86: 83 | D86: ✅ Хорошее | E86: ✅ Хорошее | F86: ✅ Хорошее | G86: ✅ Хорошее | H86: ✅ Хорошее | I86: 0
A87: РАЗОМ пристроїв: 5 | I87: =SUM(I4:I8) -> 2400

Sheet 📱 Телефони
A2: =TEXT(TODAY(),"DD.MM.YYYY") -> 12.05.YYYY
A3: № | B3: Марка | C3: Модель | D3: Корпус / скло | E3: Дисплей | F3: АКБ | G3: Кнопки | H3: Камера | I3: Динамік / мікрофон | J3: Зарядний роз'єм | K3: Материнська плата | L3: Стан | M3: Ціна запчастин (Zł) | N3: Примітки
A4: 1 | D4: ✅ Хорошее | E4: ✅ Хорошее | F4: ⚠️ Среднее | G4: ✅ Хорошее | H4: ✅ Хорошее | I4: ✅ Хорошее | J4: ✅ Хорошее | K4: ✅ Хорошее | L4: ✅ Хорошее | M4: 14000
A5: 2 | D5: ⚠️ Среднее | E5: ✅ Хорошее | F5: ✅ Хорошее | G5: ✅ Хорошее | H5: ⚠️ Среднее | I5: ✅ Хорошее | J5: ⚠️ Среднее | K5: ✅ Хорошее | L5: ⚠️ Среднее | M5: 9500
A6: 3 | D6: ❌ Плохое | E6: ⚠️ Среднее | F6: ✅ Хорошее | G6: ✅ Хорошее | H6: ✅ Хорошее | I6: ⚠️ Среднее | J6: ✅ Хорошее | K6: ✅ Хорошее | L6: ❌ Плохое | M6: 6000
A7: 4 | D7: ✅ Хорошее | E7: ✅ Хорошее | F7: ⚠️ Среднее | G7: ✅ Хорошее | H7: ⚠️ Среднее | I7: ✅ Хорошее | J7: ✅ Хорошее | K7: ✅ Хорошее | L7: ⚠️ Среднее | M7: 4500
A8: 5 | D8: ✅ Хорошее | E8: ✅ Хорошее | F8: ✅ Хорошее | G8: ✅ Хорошее | H8: ✅ Хорошее | I8: ✅ Хорошее | J8: ✅ Хорошее | K8: 🔧 На разбор | L8: ✅ Хорошее | M8: 8000
A9: 6 | D9: ⚠️ Среднее | E9: ✅ Хорошее | F9: ✅ Хорошее | G9: ✅ Хорошее | H9: ⚠️ Среднее | I9: ✅ Хорошее | J9: ⚠️ Среднее | K9: ✅ Хорошее | L9: ⚠️ Среднее | M9: 9500
A10: 7 | D10: ❌ Плохое | E10: ⚠️ Среднее | F10: ✅ Хорошее | G10: ✅ Хорошее | H10: ✅ Хорошее | I10: ⚠️ Среднее | J10: ✅ Хорошее | K10: ✅ Хорошее | L10: ❌ Плохое | M10: 6000
A11: 8 | D11: ✅ Хорошее | E11: ✅ Хорошее | F11: ⚠️ Среднее | G11: ✅ Хорошее | H11: ⚠️ Среднее | I11: ✅ Хорошее | J11: ✅ Хорошее | K11: ✅ Хорошее | L11: ⚠️ Среднее | M11: 4500
A12: 9 | D12: ✅ Хорошее | E12: ✅ Хорошее | F12: ✅ Хорошее | G12: ✅ Хорошее | H12: ✅ Хорошее | I12: ✅ Хорошее | J12: ✅ Хорошее | K12: 🔧 На разбор | L12: ✅ Хорошее | M12: 8000
A13: 10 | D13: ⚠️ Среднее | E13: ✅ Хорошее | F13: ✅ Хорошее | G13: ✅ Хорошее | H13: ⚠️ Среднее | I13: ✅ Хорошее | J13: ⚠️ Среднее | K13: ✅ Хорошее | L13: ⚠️ Среднее | M13: 9500
A14: 11 | D14: ❌ Плохое | E14: ⚠️ Среднее | F14: ✅ Хорошее | G14: ✅ Хорошее | H14: ✅ Хорошее | I14: ⚠️ Среднее | J14: ✅ Хорошее | K14: ✅ Хорошее | L14: ❌ Плохое | M14: 6000
A15: 12 | D15: ✅ Хорошее | E15: ✅ Хорошее | F15: ⚠️ Среднее | G15: ✅ Хорошее | H15: ⚠️ Среднее | I15: ✅ Хорошее | J15: ✅ Хорошее | K15: ✅ Хорошее | L15: ⚠️ Среднее | M15: 4500
... A68: 65 | D68: ✅ Хорошее | E68: ✅ Хорошее | F68: ✅ Хорошее | G68: ✅ Хорошее | H68: ✅ Хорошее | I68: ✅ Хорошее | J68: ✅ Хорошее | K68: 🔧 На разбор | L68: ✅ Хорошее | M68: 8000
A69: РАЗОМ пристроїв: 5 | M69: =SUM(M4:M8) -> 42000

Sheet 📟 Планшети
A1: 📦 ІНВЕНТАРИЗАЦІЯ ЗАПАСНИХ ЧАСТИН — ПЛАНШЕТИ
A2: =TEXT(TODAY(),"DD.MM.YYYY") -> 12.05.YYYY
A3: № | B3: Марка | C3: Модель | D3: Корпус | E3: Дисплей | F3: Материнська плата | G3: Стан | H3: Ціна запчастин (Zł) | I3: Примітки
A4: 1 | B4: Samsung | C4: GT-P5100 | D4: ⚠️ Среднее | E4: ❌ Плохое | F4: ✅ Хорошее | G4: 🔧 На разбор | H4: 20
A5: 2 | B5: Samsung | C5: T230NU | D5: ⚠️ Среднее | E5: ❌ Плохое | F5: ✅ Хорошее | G5: 🔧 На ремонт | H5: 40 | I5: Белый
A6: 3 | B6: Lenovo | C6: TAB2 A7-30 | D6: ⚠️ Среднее | E6: ⚠️ Среднее | F6: ⚠️ Среднее | G6: 🔧 На ремонт | H6: 80
A7: 4 | B7: Apple | C7: Ipad A1430 | D7: ⚠️ Среднее | E7: ❌ Плохое | F7: 🔧 На разбор | G7: 🔧 На разбор | H7: 40
A8: 5 | B8: Klawiatura | C8: Sharkk bl21 | D8: ✅ Хорошее | E8: ❌ Нет | F8: ✅ Хорошее | G8: ✅ Хорошее | H8: 30
A9: 6 | B9: Blow | C9: SilverTab-10.1 | D9: ⚠️ Среднее | E9: ✅ Хорошее | F9: ✅ Хорошее | G9: ⚠️ Среднее | H9: 40 | I9: На проверку
A10: 7 | B10: Logicom | C10: M Bot Tab 101 | D10: ✅ Хорошее | E10: ✅ Хорошее | F10: ✅ Хорошее | G10: ✅ Хорошее | H10: 150 | I10: Работает но слабо
A11: 8 | B11: Asus | C11: TF300T 10.1 | D11: ✅ Хорошее | E11: ✅ Хорошее | F11: ✅ Хорошее | G11: ✅ Хорошее | H11: 240 | I11: Windows
A12: 9 | B12: Medion | C12: LifeTab S10334 | D12: ✅ Хорошее | E12: ❌ Нет | F12: ✅ Хорошее | G12: 🔧 На ремонт | H12: 130
A13: 10 | B13: Huawei | C13: MediaPad M5 lite | D13: ⚠️ Среднее | E13: ❌ Плохое | F13: ⚠️ Среднее | G13: 🔧 На разбор | H13: 40
A14: 11 | B14: Navitel | C14: T500 3G | D14: ✅ Хорошее | E14: ⚠️ Среднее | F14: ✅ Хорошее | G14: ✅ Хорошее | H14: 80 | I14: На проверку
A15: 12 | B15: Apple | C15: Ipad mini A1600 | D15: ✅ Хорошее | E15: ⚠️ Среднее | F15: ✅ Хорошее | G15: ⚠️ Среднее | H15: 60 | I15: Старая прошивка
A16: 13 | D16: ⚠️ Среднее | E16: ❌ Плохое | F16: ✅ Хорошее | G16: 🔧 На ремонт | H16: 40
A17: 14 | D17: ⚠️ Среднее | E17: ⚠️ Среднее | F17: ⚠️ Среднее | G17: 🔧 На ремонт | H17: 80
A18: 15 | D18: ⚠️ Среднее | E18: ❌ Плохое | F18: 🔧 На разбор | G18: 🔧 На разбор | H18: 40
A19: 16 | D19: ✅ Хорошее | E19: ❌ Нет | F19: ✅ Хорошее | G19: ✅ Хорошее | H19: 30
A20: 17 | D20: ⚠️ Среднее | E20: ❌ Плохое | F20: 🔧 На разбор | G20: 🔧 На разбор | H20: 40
A21: 18 | D21: ✅ Хорошее | E21: ❌ Нет | F21: ✅ Хорошее | G21: ✅ Хорошее | H21: 30
A22: 19 | D22: ⚠️ Среднее | E22: ❌ Плохое | F22: 🔧 На разбор | G22: 🔧 На разбор | H22: 40
A23: 20 | D23: ✅ Хорошее | E23: ❌ Нет | F23: ✅ Хорошее | G23: ✅ Хорошее | H23: 30
A24: 21 | D24: ⚠️ Среднее | E24: ❌ Плохое | F24: 🔧 На разбор | G24: 🔧 На разбор | H24: 40
A25: 22 | D25: ✅ Хорошее | E25: ❌ Нет | F25: ✅ Хорошее | G25: ✅ Хорошее | H25: 30
A26: 23 | D26: ⚠️ Среднее | E26: ❌ Плохое | F26: ✅ Хорошее | G26: 🔧 На разбор | H26: 20
A27: 24 | D27: ⚠️ Среднее | E27: ❌ Плохое | F27: ✅ Хорошее | G27: 🔧 На ремонт | H27: 40
... A47: 44 | D47: ✅ Хорошее | E47: ❌ Нет | F47: ✅ Хорошее | G47: ✅ Хорошее | H47: 30
H48: =SUM(H4:H8) -> 210

Sheet 📊 Зведення
A1: ЗВЕДЕНА СТАТИСТИКА ІНВЕНТАРИЗАЦІЇ
A2: =TEXT(TODAY(),"DD.MM.YYYY") -> 12.05.YYYY
A3: Категорія | B3: К-ть пристроїв | C3: Сума запчастин (Zł) | D3: Ср. ціна (Zł) | E3: Стан
A4: 💻 Ноутбуки | B4: =COUNTA('💻 Ноутбуки'!B4:B8) -> 5 | C4: ='💻 Ноутбуки'!I87 -> 2400 | D4: =IF(B4>0,C4/B4,0) -> 480 | E4: =IF(D4>=10000,"✅ Хорошее",IF(D4>=5000,"⚠️ Среднее","❌ Плохое")) -> ❌ Плохое
A5: 📱 Телефони | B5: =COUNTA('📱 Телефони'!B4:B8) -> 0 | C5: ='📱 Телефони'!M69 -> 42000 | D5: =IF(B5>0,C5/B5,0) -> 0 | E5: =IF(D5>=30000,"✅ Хорошее",IF(D5>=15000,"⚠️ Среднее","❌ Плохое")) -> ❌ Плохое
A6: 📟 Планшети | B6: =COUNTA('📟 Планшети'!B4:B8) -> 5 | C6: ='📟 Планшети'!H48 -> 210 | D6: =IF(B6>0,C6/B6,0) -> 42 | E6: =IF(D6>=40000,"✅ Хорошее",IF(D6>=20000,"⚠️ Среднее","❌ Плохое")) -> ❌ Плохое
A7: 🔢 РАЗОМ пристроїв | B7: =SUM(B4:B6) -> 10 | C7: =SUM(C4:C6) -> 44610 | D7: =IF(B7>0,C7/B7,0) -> 4461
A10: ЛЕГЕНДА СТАНУ
A11: ✅ Хорошее — компонент у хорошому стані
A12: ⚠️ Середнє — потребує перевірки
A13: ❌ Погане / Відсутнє — потребує заміни
A14: 🔧 На ремонт / розбір — виведено з ладу
